Product_Line,Isolate_ID,Compound_Matrix,Charge_State,Net_Dipole_Debyes,μ_x_Debyes,μ_y_Debyes,μ_z_Debyes,α_avg_Å3,α_xx_Å3,α_yy_Å3,α_zz_Å3,Max_Field_Length_Å,Computed_Target_Permittivity_245GHz,Total_Target_Conductivity_245GHz,Target_Somatic_Tissue,Biophysical_Role
Banksys_Black_Licorice,LIC-BASE-001,Glycyrrhizin_Core,Neutral_Matrix,4.15,3.85,1.22,0.95,68.45,82.40,64.15,58.80,14.85,47.41,2.01,Pancreas_Acinar_Lattice,Downregulates_pro-inflammatory_cytokines_and_shields_primary_acinar_cell_walls
Banksys_Black_Licorice,LIC-HaldEX-002,Curcumin_Enol_Grid,Conjugated_Cloud,3.84,3.55,1.15,0.82,38.60,48.20,35.40,32.20,11.24,57.20,1.85,Glandular_Secretory_Pancreas,Delivers_symmetric_enol-tautomer_cloud_to_preserve_pancreatic_beta-cell_architecture
Banksys_Black_Licorice,LIC-MusKT-003,Macelignan_Isolate,Extended_Lignan,2.82,2.45,0.98,0.74,34.50,42.15,31.80,29.55,9.85,45.10,1.65,Sympathetic_Ganglia_Blocks,Guides_active_lignan_compounds_into_tissue_grids_to_protect_mitochondrial_membrane_potentials
Banksys_Black_Licorice,LIC-KaroBT-004,Dunaliella_Polyene,Induced_Dipole,0.05,0.01,0.01,0.01,84.20,112.50,72.40,67.70,18.15,58.30,2.54,Ischemic_Visceral_Sites,Undergoes_extensive_induced_polarization_to_maintain_oxygenated_blood_supply_to_dying_organs
Banksys_Black_Licorice,LIC-Corte-005,Salicylate_Anion,Planar_Metabo-Core,2.45,2.20,0.72,0.45,12.18,15.40,11.22,9.92,5.12,32.50,1.10,Anisotropic_Nerve_Trunks,Blocks_local_prostaglandin_loops_to_raise_the_resting_voltage_threshold_of_nociceptors
Banksys_Black_Licorice,LIC-TsinKX-006,Divalent_Zincum,Unbuffered_Surge,4.82,4.55,1.15,0.82,15.62,22.40,12.80,11.66,8.24,48.90,1.81,Cortical_Grey_Matter,Binds_post-synaptic_NMDA_and_GABA-A_blocks_to_stabilize_hyper-excited_neuronal_loops
Banksys_Black_Licorice,LIC-Alnaya-007,Nicotinate_Anion,Dissociated_Vector,3.88,3.62,1.12,0.64,12.85,18.42,11.20,9.94,7.12,10.80,0.27,Adipocyte_GPR109A_Gates,Shuts_down_triglyceride_construction_and_triggers_UCP1_thermogenic_lipid_oxidation
Banksys_Black_Licorice,LIC-Kurea-008,Creatine_Zwitterion,Zwitterionic_Charge,4.82,4.55,1.15,0.82,15.62,22.40,12.80,11.66,8.24,38.20,1.25,Joint_Synovium,Drives_rapid_SLC6A8_entry_to_recharge_ischemic_ADP_back_into_active_ATP
Banksys_Black_Licorice,LIC-Nimbu-009,Citrate_Trianion,Tricarboxylate,3.88,3.62,1.12,0.64,12.85,18.42,11.20,9.94,7.12,52.80,2.43,Renal_Tubular_Filtration,Executes_thermodynamic_calcium_chelation_to_collapse_urinary_supersaturation_below_nucleation_limits
